{
  "parameters": {
    "a": 186.2605432,
    "b": 51.43673879,
    "c": 8.07523698,
    "d": 116.92006453,
    "e": 116.30595713,
    "f": 0.0,
    "g": 516.64540115,
    "h": 100.53827007,
    "i": 5.17817029
  },
  "rms_error": 281.27631058,
  "ise": 79111.15115007,
  "notes": {
    "n_starts": 60,
    "freq_hi_tried": [
      18.84955592153876,
      31.41592653589793,
      62.83185307179586
    ],
    "monotone_penalty_tried": [
      5.0,
      20.0
    ],
    "chosen_freq_hi": 18.84955592153876,
    "chosen_monotone_penalty": 5.0,
    "n_grid": 2000
  }
}