{
  "parameters": {
    "a": -0.28230616,
    "b": -0.14115308,
    "c": 3.42229946,
    "d": -0.28037438,
    "e": -0.14146717,
    "f": 0.0,
    "g": 1.10842105,
    "h": 0.55421053,
    "i": 2.51105518
  },
  "rms_error": 1.1626764,
  "ise": 1.35140729,
  "notes": {
    "n_starts": 60,
    "freq_hi_tried": [
      18.84955592153876,
      31.41592653589793,
      62.83185307179586
    ],
    "monotone_penalty_tried": [
      5.0,
      20.0
    ],
    "chosen_freq_hi": 18.84955592153876,
    "chosen_monotone_penalty": 5.0,
    "n_grid": 2000
  }
}