{
  "parameters": {
    "a": 2.63324892,
    "b": -0.49865269,
    "c": 6.03818721,
    "d": -0.65526839,
    "e": -0.79099314,
    "f": 1.95126479,
    "g": 1.74658688,
    "h": -0.34732975,
    "i": 5.06455459
  },
  "rms_error": 0.52928422,
  "ise": 0.28011351,
  "notes": {
    "n_starts": 60,
    "freq_hi_tried": [
      18.84955592153876,
      31.41592653589793,
      62.83185307179586
    ],
    "monotone_penalty_tried": [
      5.0,
      20.0
    ],
    "chosen_freq_hi": 18.84955592153876,
    "chosen_monotone_penalty": 5.0,
    "n_grid": 2000
  }
}