{
  "parameters": {
    "a": -0.28230616,
    "b": -0.07140765,
    "c": 10.24152797,
    "d": -0.26719683,
    "e": -0.13359841,
    "f": 0.0,
    "g": 1.10842105,
    "h": 0.55421053,
    "i": 2.51108676
  },
  "rms_error": 1.1738715,
  "ise": 1.37757545,
  "notes": {
    "n_starts": 60,
    "freq_hi_tried": [
      18.84955592153876,
      31.41592653589793,
      62.83185307179586
    ],
    "monotone_penalty_tried": [
      5.0,
      20.0
    ],
    "chosen_freq_hi": 18.84955592153876,
    "chosen_monotone_penalty": 5.0,
    "n_grid": 2000
  }
}